{"cameraMode":{"drawMode":0,"name":"Shaded","section":"Shading Mode"},"sceneLighting":true,"audioPlay":false,"sceneViewState":{"m_AlwaysRefresh":false,"showFog":true,"showSkybox":true,"showFlares":true,"showImageEffects":true,"showParticleSystems":true,"showVisualEffectGraphs":true,"m_FxEnabled":true},"in2DMode":false,"pivot":{"x":16.988325119018556,"y":38.21230697631836,"z":170.8994598388672},"rotation":{"x":-0.0002417817449895665,"y":0.9959272742271423,"z":-0.09018765389919281,"w":-0.002688053995370865},"size":31.42076873779297,"orthographic":false}