{"cameraMode":{"drawMode":0,"name":"Shaded","section":"Shading Mode"},"sceneLighting":false,"audioPlay":false,"sceneViewState":{"m_AlwaysRefresh":false,"showFog":true,"showSkybox":false,"showFlares":true,"showImageEffects":true,"showParticleSystems":true,"showVisualEffectGraphs":true,"m_FxEnabled":true},"in2DMode":false,"pivot":{"x":3.555000066757202,"y":3.3239998817443849,"z":7.71999979019165},"rotation":{"x":-0.24097244441509248,"y":0.36097946763038638,"z":-0.09713590890169144,"w":-0.8957270979881287},"size":0.14279943704605103,"orthographic":false}