{"cameraMode":{"drawMode":0,"name":"Shaded","section":"Shading Mode"},"sceneLighting":false,"audioPlay":false,"sceneViewState":{"m_AlwaysRefresh":false,"showFog":true,"showSkybox":true,"showFlares":true,"showImageEffects":true,"showParticleSystems":true,"showVisualEffectGraphs":true,"m_FxEnabled":true},"in2DMode":false,"pivot":{"x":-0.14988376200199128,"y":2.0515856742858888,"z":1.5857833623886109},"rotation":{"x":-0.5777747631072998,"y":0.04833339899778366,"z":-0.034083254635334018,"w":-0.8142801523208618},"size":0.8497741222381592,"orthographic":true}