{"cameraMode":{"drawMode":0,"name":"Shaded","section":"Shading Mode"},"sceneLighting":false,"audioPlay":false,"sceneViewState":{"m_AlwaysRefresh":false,"showFog":true,"showSkybox":true,"showFlares":true,"showImageEffects":true,"showParticleSystems":true,"showVisualEffectGraphs":true,"m_FxEnabled":true},"in2DMode":false,"pivot":{"x":-1.0823235511779786,"y":1.885688304901123,"z":1.1850308179855347},"rotation":{"x":-0.33779826760292055,"y":0.07401745766401291,"z":-0.026413453742861749,"w":-0.9381489753723145},"size":1.0724077224731446,"orthographic":true}