{"cameraMode":{"drawMode":0,"name":"Shaded","section":"Shading Mode"},"sceneLighting":false,"audioPlay":false,"sceneViewState":{"m_AlwaysRefresh":false,"showFog":true,"showSkybox":true,"showFlares":true,"showImageEffects":true,"showParticleSystems":true,"showVisualEffectGraphs":true,"m_FxEnabled":true},"in2DMode":false,"pivot":{"x":0.16380397975444795,"y":2.958000421524048,"z":1.5357434749603272},"rotation":{"x":-0.581640362739563,"y":-0.04108124598860741,"z":0.029139438644051553,"w":-0.8119595050811768},"size":1.3465231657028199,"orthographic":true}