{"cameraMode":{"drawMode":0,"name":"Shaded","section":"Shading Mode"},"sceneLighting":false,"audioPlay":false,"sceneViewState":{"m_AlwaysRefresh":false,"showFog":true,"showSkybox":true,"showFlares":true,"showImageEffects":true,"showParticleSystems":true,"showVisualEffectGraphs":true,"m_FxEnabled":true},"in2DMode":false,"pivot":{"x":1.9089093208312989,"y":1.104207992553711,"z":1.5855361223220826},"rotation":{"x":0.6468402743339539,"y":-0.03656848147511482,"z":0.032180070877075198,"w":0.7616637349128723},"size":0.9184049963951111,"orthographic":true}