{"cameraMode":{"drawMode":0,"name":"Shaded","section":"Shading Mode"},"sceneLighting":false,"audioPlay":false,"sceneViewState":{"m_AlwaysRefresh":false,"showFog":true,"showSkybox":true,"showFlares":true,"showImageEffects":true,"showParticleSystems":true,"showVisualEffectGraphs":true,"m_FxEnabled":true},"in2DMode":false,"pivot":{"x":0.43257617950439455,"y":2.863718271255493,"z":0.6830050945281982},"rotation":{"x":-0.41050565242767336,"y":0.004385721869766712,"z":-0.0019639600068330766,"w":-0.9118868112564087},"size":3.1556248664855959,"orthographic":true}